1,1,1,24,SF,75,68,2083,872,320,725,123,151,2000000
2,1,1,10,SG,51,1,864,326,114,256,50,56,1304520
3,1,1,12,PG,11,0,76,5,2,11,0,0,2870000
3,1,5,12,PG,35,7,555,132,47,118,15,16,2730000
4,1,1,7,SG,26,1,263,63,24,73,5,10,947300
4,1,5,7,SG,27,4,510,176,64,155,22,27,947300
5,1,1,15,C,82,82,2631,1249,529,1048,103,129,12000000
6,1,1,43,PF,21,0,295,134,47,101,32,45,4000000
6,1,24,43,PF,4,3,74,29,10,36,6,8,4600000
6,1,30,43,PF,28,14,466,180,64,158,29,31,4300000
7,1,1,26,SG,80,80,2401,739,268,616,45,54,5746479
8,1,1,8,PG,24,0,179,93,40,95,9,12,2433333
8,1,29,8,PG,28,27,879,355,142,320,36,49,2433333
9,1,1,4,PF,81,81,2647,1385,501,1066,309,408,19000000
10,1,1,31,C,60,0,565,195,76,152,31,39,947276
11,1,1,13,SG,35,0,295,84,28,80,16,22,525093
12,1,1,17,PG,80,6,1621,879,329,781,144,182,1763400
13,1,1,32,PF,75,0,1146,464,176,376,50,63,3333333
14,1,1,25,SF,75,11,1758,480,188,372,62,99,4000000
15,1,1,11,C,36,2,579,201,81,155,39,48,8500000
16,1,1,22,C,11,0,73,25,11,19,3,8,1000000
17,1,1,0,PG,79,78,2255,1239,434,988,261,312,8000000
18,1,2,0,SG,76,72,2536,1155,456,1019,96,123,7720227
19,1,2,63,SF,3,0,6,6,2,4,0,0,61776
20,1,2,99,SF,73,73,2308,1038,360,813,196,239,6000000
21,1,2,28,SG,36,0,315,97,36,98,6,7,1148640
22,1,2,8,PF,78,0,1176,340,118,286,61,78,5000000
23,1,2,90,PF,79,76,1800,577,249,426,69,11,12000000
24,1,7,42,PF,25,1,433,213,91,143,31,42,2102224
24,1,2,42,PF,30,4,470,214,87,192,40,51,15493680
25,1,2,55,PF,16,0,57,21,8,22,5,10,1200000
26,1,2,41,C,69,8,1395,687,253,556,96,128,2165160
27,1,2,12,PG,39,0,311,72,29,106,8,10,1824360
28,1,2,36,PG,61,10,1667,558,184,529,129,166,3431040
29,1,2,7,PF,81,73,1915,834,351,806,103,161,2269260
30,1,2,4,PG,82,79,2644,1823,591,1382,474,544,6912869
31,1,2,11,SG,81,12,2271,854,343,753,148,179,3425510
32,1,2,13,SG,29,0,199,29,11,36,1,4,1749840
33,1,2,44,C,60,3,710,364,138,290,88,108,2616975
34,1,3,9,C,46,0,634,304,127,279,47,57,1362900
35,1,3,44,SF,79,39,2115,887,324,749,110,132,3425510
36,1,3,22,SG,62,6,982,363,127,322,71,94,845059
37,1,3,21,SG,76,41,1615,586,218,561,54,63,1500000
38,1,3,24,SF,29,17,615,167,63,138,37,52,1335680
39,1,3,2,PG,32,32,1027,411,140,358,100,112,6300000
40,1,16,2,SF,24,24,769,321,130,251,26,34,414481
40,1,3,7,SF,57,57,1934,992,247,608,92,108,24894863
41,1,3,10,SF,40,5,299,97,30,74,26,28,1599840
42,1,8,6,SG,8,0,82,27,8,21,7,8,99418
42,1,3,6,SG,23,0,634,318,115,249,53,59,320594
43,1,3,0,PG,78,17,1751,566,222,502,83,107,1500000
44,1,3,11,C,73,73,2457,1501,591,1157,317,403,20000000
45,1,3,1,PF,24,4,362,112,44,109,11,23,1140240
46,1,3,33,PF,39,2,426,182,76,133,30,55,947276
47,1,3,41,PF,71,7,917,307,130,291,47,109,981300
48,1,3,14,C,14,4,263,91,33,77,25,30,161622
49,1,3,15,PG,61,33,1318,424,154,350,78,104,1015421
50,1,3,30,PF,73,73,2407,1102,495,963,105,163,11200000
51,1,4,5,SF,70,70,2448,1046,372,873,163,192,12235750
52,1,4,30,SG,43,0,476,242,89,187,5,9,947276
53,1,4,12,PG,12,0,63,22,6,11,10,11,301444
54,1,4,19,SF,48,43,983,286,99,276,34,42,1149720
54,1,15,19,SF,18,9,375,124,46,132,16,22,1201440
55,1,4,50,PF,44,0,343,73,32,71,38,65,1185784
56,1,4,9,SG,21,0,93,18,5,19,5,12,525093
57,1,4,0,PF,57,6,1035,340,124,306,54,65,5543725
58,1,4,25,C,47,18,1096,562,245,505,72,111,13833333
59,1,4,44,C,81,3,1708,606,215,525,108,148,2612500
60,1,4,14,SF,7,7,205,89,33,61,20,29,6331404
61,1,4,3,SG,66,0,1227,580,230,510,64,88,3034356
62,1,15,5,SG,51,37,1489,511,192,419,76,92,5450000
62,1,4,1,SG,28,28,845,250,98,220,23,26,5675000
63,1,4,7,SG,78,13,2048,914,300,728,238,292,2100000
64,1,25,22,SG,21,0,137,60,23,50,8,10,2854940
64,1,4,22,PG,30,0,470,145,51,115,34,37,2732000
65,1,4,15,PG,81,81,2885,1689,568,1331,371,438,12000000
66,1,4,2,PF,81,81,2338,948,228,747,120,144,7000000
67,1,4,40,C,73,60,1774,638,231,437,175,232,4204200
68,1,5,41,C,18,2,103,34,13,40,7,8,845059
69,1,5,0,PG,69,0,1108,491,118,469,49,64,2000000
70,1,5,21,SG,67,67,2474,1399,470,1035,395,475,15260000
71,1,5,34,SF,31,30,703,222,77,188,29,37,4500000
72,1,5,6,C,31,3,321,105,40,72,25,35,525090
73,1,5,16,C,72,72,2291,1187,267,995,229,289,7448760
74,1,5,22,PF,73,55,1936,627,263,500,101,146,8500000
75,1,5,3,SF,81,4,1861,764,291,644,72,84,2380440
76,1,5,44,PF,66,38,1646,777,248,609,146,181,5543725
77,1,5,55,SG,59,22,1263,443,187,389,22,35,1015421
78,1,5,13,C,29,2,635,124,51,133,22,45,13400000
79,1,5,5,PF,62,4,1102,436,186,436,48,66,1391160
80,1,5,1,PG,66,66,2097,1080,447,1048,142,179,20093063
81,1,5,20,SF,64,33,1301,338,126,339,30,33,1535880
82,1,17,9,SG,4,0,55,16,4,14,6,7,57726
82,1,6,9,SG,40,3,355,104,32,91,30,48,981348
83,1,6,8,PG,76,14,1867,569,207,511,57,66,1147280
84,1,22,8,PF,44,29,754,229,81,186,19,21,8175476
84,1,6,9,C,26,2,446,196,71,161,11,14,7807579
85,1,6,12,SG,5,0,15,3,1,4,0,0,845059
86,1,6,2,PG,75,75,2730,1628,578,1235,315,365,14746000
87,1,6,23,SF,76,76,2709,1920,737,1416,359,491,22971000
88,1,6,24,SF,74,5,1326,410,143,312,58,87,1499000
89,1,6,30,SF,1,0,42,13,6,14,0,0,8819
90,1,6,1,SF,48,0,463,178,58,142,21,26,1499000
91,1,6,14,C,25,0,95,23,9,17,5,11,1300000
92,1,6,0,PF,77,77,2424,1234,409,977,258,314,19500000
93,1,24,62,PG,7,0,82,37,11,26,12,15,61776
93,1,6,12,PG,15,1,113,62,23,52,9,13,172972
94,1,6,20,C,76,48,1326,475,203,359,68,95,4950000
95,1,6,4,SG,54,5,1316,311,114,305,40,51,9000000
96,1,6,5,SG,77,77,2362,955,353,850,45,71,5000000
97,1,6,13,PF,82,34,2269,643,247,420,149,242,14260870
98,1,6,17,C,31,0,310,138,32,76,16,21,9638553
98,1,10,18,C,22,0,186,58,21,48,13,37,458575
99,1,6,52,PG,41,14,748,338,132,302,38,42,2100000
100,1,7,1,SF,55,9,647,208,71,175,44,55,1449000
101,1,7,5,PG,74,16,1667,808,317,711,74,96,4000000
102,1,7,21,SF,30,2,251,71,26,48,15,21,1100602
103,1,7,2,PG,80,31,2192,763,277,682,146,176,3950313
104,1,7,34,PG,64,0,1280,487,167,374,101,140,4053000
105,1,24,23,SG,22,2,287,109,42,90,12,15,981000
105,1,7,12,SG,21,1,193,69,29,70,8,9,1312920
106,1,7,23,SF,78,78,2644,977,331,854,126,146,16400000
107,1,7,11,C,34,2,370,172,77,134,18,36,1270964
108,1,7,50,C,34,6,297,125,49,78,27,46,525093
109,1,7,41,PF,75,75,2364,1372,498,1112,250,280,8333334
110,1,7,27,C,76,69,2004,650,219,470,212,276,5200000
111,1,7,25,SF,61,51,1799,837,320,651,93,136,15361500
112,1,7,7,PF,69,2,922,399,146,296,195,142,845059
113,1,7,3,PF,62,4,665,319,125,327,22,24,1499187
114,1,7,8,PG,65,63,2106,918,321,775,179,206,5500000
115,1,8,0,PF,70,16,1516,527,221,489,40,53,2814000
116,1,21,14,PG,34,0,519,467,148,350,103,128,3000000
116,1,8,12,PG,28,0,659,325,102,229,77,94,3000000
117,1,8,5,SG,82,1,2353,1178,425,983,216,268,3333333
118,1,8,35,PF,67,64,1694,835,349,626,136,222,11235955
119,1,21,6,SG,27,1,572,474,52,149,61,74,3270000
119,1,8,4,SG,54,7,1070,474,169,482,61,74,3135000
120,1,8,8,SF,53,53,1839,1036,287,700,375,432,14000000
121,1,29,11,PG,6,0,35,13,5,12,2,2,99418
121,1,8,11,PG,3,0,7,0,0,1,0,0,100000
122,1,8,14,SG,76,76,2439,932,359,765,109,133,1587480
123,1,30,21,C,15,0,131,69,25,46,19,44,366337
123,1,8,7,C,20,0,131,137,55,9,27,59,5613500
124,1,8,15,C,80,55,1733,796,307,600,154,190,1300000
125,1,8,77,C,59,15,1041,465,195,380,62,69,1709720
126,1,8,3,SF,47,2,373,63,22,62,0,0,1499187
127,1,8,0,PG,68,66,2068,872,329,905,140,209,3102240
128,1,8,1,PG,39,15,1036,299,113,307,30,35,4500000
129,1,8,23,C,32,3,547,263,101,242,61,99,1842000
130,1,8,16,SF,26,6,294,67,24,66,9,14,350000
131,1,24,9,SF,73,40,1160,374,140,317,80,122,845059
131,1,8,9,SF,26,22,469,134,54,115,18,25,285489
132,1,8,6,SF,21,0,305,76,25,70,13,17,123552
133,1,9,50,C,19,0,96,18,6,10,6,8,2500000
134,1,9,12,C,81,1,1233,514,194,384,126,165,6500000
135,1,9,22,PG,58,2,986,254,93,240,16,20,2170465
136,1,9,25,SF,37,0,429,122,43,98,14,15,1252440
137,1,9,5,SG,76,76,2789,1105,403,960,185,228,2891760
138,1,9,8,PG,12,0,159,58,19,54,19,33,845059
139,1,9,0,C,81,81,2666,1314,552,1060,208,586,3272091
140,1,9,32,PF,5,0,35,13,3,10,1,2,99418
141,1,22,12,Pf,49,49,1610,669,251,541,120,153,2380594
141,1,9,34,PF,27,25,903,447,166,348,82,90,16000000
142,1,9,6,SG,38,2,383,152,52,131,29,40,525093
143,1,22,7,PF,22,4,447,767,64,153,32,45,7900000
143,1,9,23,PF,52,52,1434,589,216,508,79,109,7900000
144,1,9,1,PG,79,79,2424,1489,540,1244,291,377,14000000
145,1,22,55,PG,25,6,452,175,59,161,30,40,8344497
145,1,9,7,PG,23,1,416,157,53,143,27,38,8000000
146,1,9,3,SF,73,6,167,593,225,600,80,102,2841960
147,1,9,20,SG,3,,43,22,7,20,4,4,6270000
148,1,9,13,SF,80,80,2856,1131,410,945,203,271,5000000
149,1,9,43,PF,72,5,1341,383,128,332,29,47,3000000
150,1,10,19,SG,68,0,1079,433,171,340,52,62,2500000
151,1,10,40,SF,66,59,2042,774,295,633,102,134,3873398
152,1,10,12,C,70,66,1451,375,175,279,24,50,12000000
153,1,10,21,SG,66,1,578,236,89,202,28,34,947276
154,1,10,30,PG,79,79,2700,2375,805,1598,363,400,11370786
155,1,10,31,C,46,13,770,320,125,228,70,132,2008748
156,1,10,23,PF,81,81,2808,1131,401,819,229,329,14300000
157,1,10,9,SF,65,1,1732,457,176,368,51,83,11710456
158,1,10,34,PG,78,3,1520,448,203,379,80,93,5543725
159,1,10,36,PF,5,0,21,9,4,7,0,0,1131960
160,1,10,20,PF,41,1,262,117,45,84,26,49,845059
161,1,10,4,SG,72,25,1055,305,111,260,18,28,1270964
162,1,10,5,C,72,0,832,512,197,456,94,114,3815000
163,1,10,1,C,28,1,179,60,20,42,20,32,6431250
163,1,28,1,C,19,6,292,87,32,66,18,22,328955
164,1,10,11,SG,80,80,2666,1771,651,1386,193,221,15500000
165,1,11,1,SF,81,81,2859,1025,357,859,126,161,8193030
166,1,11,8,SF,20,0,363,225,107,205,38,49,306527
167,1,11,2,PG,71,63,2041,700,258,594,60,88,6500000
168,1,11,33,SF,82,12,1669,590,212,552,105,140,8200000
169,1,11,15,C,77,35,1471,542,231,397,80,211,1242720
170,1,11,7,SF,3,0,6,0,0,0,0,0,1646400
171,1,11,0,PG,8,0,50,22,9,20,3,4,200600
172,1,11,13,SG,82,82,3125,2376,710,1617,720,837,15756438
173,1,11,35,PF,39,1,379,140,58,90,24,46,1000000
174,1,11,44,C,2,0,24,4,1,2,2,2,83583
175,1,11,12,C,71,71,2280,976,372,600,232,474,22359364
176,1,11,6,PF,50,11,1044,434,166,367,77,116,2489530
177,1,11,3,PG,53,12,1176,309,111,287,56,80,12404495
177,1,12,103,PG,13,1,235,64,28,67,3,6,265058
178,1,11,32,SF,37,1,235,89,29,72,24,30,3333333
179,1,11,20,PF,37,22,547,230,90,205,34,53,2288205
180,1,13,5,PF,32,1,459,181,69,180,25,42,5400000
180,1,11,5,PF,23,6,421,151,58,169,12,25,1499000
181,1,11,31,SG,72,7,1258,422,151,376,27,33,1499187
182,1,30,15,SG,14,2,224,118,42,107,16,21,251107
182,1,11,10,SG,47,6,885,472,174,435,51,58,1186000
183,1,12,5,PF,79,28,1599,428,191,370,46,73,3700000
184,1,24,10,SF,17,0,200,55,23,45,5,8,258082
184,1,12,10,SF,49,2,729,216,81,194,34,48,5000000
185,1,12,25,PF,1,0,6,4,2,2,0,0,1000000
186,1,12,11,SG,81,81,2734,1121,436,1021,162,206,10300000
187,1,12,13,SF,81,81,2819,1874,605,1449,454,528,17120106
188,1,12,3,PG,74,73,2524,894,326,739,114,150,8000000
189,1,12,27,C,73,11,1513,645,278,549,89,125,4000000
190,1,12,44,SF,59,3,866,246,93,208,36,42,1358880
191,1,12,28,C,71,71,1816,660,264,448,132,225,4000000
192,1,12,0,SF,64,24,1464,753,259,634,93,124,4394225
193,1,12,40,SF,45,4,508,171,65,151,27,39,845000
194,1,12,2,PG,58,1,1275,517,183,443,131,148,6500000
195,1,12,33,C,60,30,1367,619,264,530,88,121,2357760
196,1,12,42,PF,7,0,41,11,5,11,1,2,845059
197,1,12,1,PG,41,0,384,154,64,169,20,25,1000000
198,1,13,45,C,60,5,800,328,134,225,60,84,1100600
199,1,13,19,C,51,0,383,137,55,95,27,36,317232
200,1,13,11,SG,79,5,2126,1120,379,969,245,271,5675000
201,1,13,22,PF,6,0,29,5,2,5,1,1,525093
202,1,15,32,SF,53,31,1544,646,240,557,124,155,9445000
202,1,13,8,SF,27,10,709,293,113,267,40,64,9200000
203,1,13,32,PF,35,35,1170,749,301,603,141,94,18907725
204,1,13,33,SF,80,9,1666,549,208,515,30,46,1100600
205,1,13,6,C,77,77,2598,980,357,508,266,619,19500000
206,1,13,12,PF,75,61,1274,231,94,207,30,57,1270964
207,1,13,3,PG,74,74,2420,1446,515,1114,294,328,21468696
208,1,13,34,SF,68,38,1231,417,144,397,54,66,3400000
209,1,13,9,PG,59,3,823,145,55,147,7,8,981348
210,1,13,4,SG,75,75,2097,1226,422,880,182,205,6687000
211,1,13,25,SG,67,7,1464,593,225,516,79,116,3100000
212,1,15,1,SF,26,3,692,369,146,308,66,81,9000000
212,1,13,1,SF,43,10,680,204,82,166,21,30,9000000
213,1,15,35,PF,4,0,61,20,8,26,4,10,30888
213,1,13,35,PF,4,0,12,2,1,1,0,2,61776
214,1,13,30,SG,23,0,167,70,26,66,9,12,1159680
215,1,14,2,PF,66,0,1341,473,174,317,125,148,3000000
216,1,14,28,C,39,0,496,133,57,104,19,45,845059
217,1,14,3,SF,29,11,599,115,39,126,17,20,700000
218,1,14,24,SF,66,66,1863,1161,398,1113,232,281,25000000
219,1,14,6,SG,79,79,2552,1225,475,1098,164,204,845059
220,1,14,17,C,81,81,1878,481,182,411,117,145,15500000
221,1,14,9,PG,53,0,869,237,97,230,27,29,525093
222,1,14,4,PF,36,0,470,152,55,149,37,54,1724250
223,1,14,7,PF,63,22,1266,349,158,300,32,47,1155600
224,1,14,30,PF,81,60,2286,919,358,835,193,270,3132240
225,1,14,1,PG,80,48,2259,1054,392,956,140,190,5103120
226,1,14,50,C,25,1,320,87,31,75,25,38,981348
227,1,14,23,SG,67,35,1907,1028,283,693,352,424,7000000
228,1,14,37,SF,35,5,590,176,55,177,40,57,1499187
229,1,14,0,SG,54,2,1033,392,126,372,63,76,5219169
230,1,16,11,C,7,1,36,13,4,10,3,4,5375000
230,1,15,7,C,20,14,366,92,34,62,22,32,5000000
231,1,15,22,SF,76,45,2190,758,264,693,111,138,3542500
232,1,15,15,SG,60,3,1005,395,133,343,70,84,4088091
233,1,16,15,PG,6,0,120,33,10,32,12,13,4000000
233,1,15,6,PG,55,7,1253,595,172,412,206,248,4300000
234,1,15,11,PG,56,56,1761,857,294,696,191,229,9588426
235,1,24,8,PG,3,0,33,4,2,8,0,0,228663
235,1,15,8,PG,5,0,6,4,2,2,0,0,64622
236,1,16,32,SF,3,0,7,0,0,0,0,0,507336
236,1,19,4,SF,10,0,40,16,4,13,6,10,845059
236,1,15,8,SF,9,5,282,143,50,100,19,24,74564
237,1,15,4,PG,12,10,291,110,42,100,10,10,191456
238,1,15,33,C,52,52,1791,861,328,707,203,245,19700000
239,1,15,0,PF,78,15,1446,578,230,495,103,137,845059
240,1,30,15,C,5,3,48,8,4,7,0,0,176375
240,1,15,20,C,32,9,412,116,45,72,26,42,593056
241,1,15,10,PF,27,0,380,153,54,116,45,62,1230840
242,1,27,3,PG,31,3,256,68,27,67,9,10,947276
242,1,15,5,PG,10,3,219,69,28,79,3,5,111444
243,1,15,14,SG,14,0,244,80,32,77,7,14,89588
244,1,15,50,PF,68,53,2016,1040,431,907,172,216,9638555
245,1,15,2,PG,15,0,66,23,7,22,8,13,816482
246,1,16,12,C,5,0,14,7,3,5,1,2,845059
246,1,15,1,C,2,0,4,0,0,0,0,0,725000
247,1,16,19,PG,36,5,587,158,66,152,15,17,2170465
247,1,15,19,PG,8,0,120,47,20,46,3,3,2077000
248,1,16,12,PG,1,0,3,2,1,1,0,0,12355
248,1,15,2,PG,6,4,166,29,13,38,3,4,30888
249,1,15,25,PG,5,0,45,8,2,10,3,4,55722
250,1,15,34,PF,12,2,212,83,35,52,13,24,5500000
251,1,16,1,PF,53,53,1778,1010,358,767,213,268,22192730
252,1,16,9,PF,74,73,2394,911,339,745,145,192,10151612
253,1,16,7,PG,72,72,2363,1018,417,875,120,165,14780000
254,1,16,14,SG,69,14,1557,616,230,587,72,92,1356000
255,1,16,40,PF,37,0,269,59,23,61,12,16,2854940
256,1,16,8,SG,36,5,863,314,118,243,51,64,845059
257,1,16,4,PF,42,1,595,150,55,148,28,40,5543725
258,1,16,0,SG,52,2,1107,341,123,272,42,63,525093
259,1,16,5,C,52,36,762,300,125,221,50,67,1499187
260,1,16,3,SG,74,73,2258,1409,540,1183,322,406,20000000
261,1,16,21,C,73,43,2125,1040,413,682,214,329,981348
262,1,16,20,SF,78,8,2232,502,195,462,80,117,2481720
263,1,17,34,PG,80,79,2823,1350,513,1013,296,409,1953960
264,1,17,19,SG,52,18,1505,541,185,437,70,90,3000000
265,1,17,5,PG,54,37,1649,623,251,555,106,162,2399040
266,1,17,9,PF,24,1,156,50,17,51,6,7,1100000
267,1,17,11,PG,46,7,654,206,84,187,25,34,1662360
268,1,17,31,C,57,1,960,397,164,291,69,117,2943221
269,1,17,17,SF,20,1,156,36,13,37,7,8,855000
270,1,17,3,SG,41,24,1090,321,119,321,31,40,8000000
271,1,17,22,SG,79,79,2852,1434,507,1142,227,312,15000000
272,1,17,15,C,79,67,2314,1210,491,941,228,308,16400000
273,1,21,6,PF,7,0,24,17,6,12,0,0,3750000
273,1,17,6,PF,3,0,20,7,2,6,1,1,416889
274,1,17,77,PF,66,4,857,200,86,209,27,40,845059
275,1,17,12,PF,76,62,2408,1070,443,899,175,228,5152440
276,1,17,18,C,61,14,870,314,140,233,34,59,2109294
277,1,17,21,PG,23,0,460,130,45,138,22,26,6600000
278,1,17,20,SG,70,6,1001,217,81,265,12,15,1733040
279,1,18,88,PF,60,0,1075,308,110,235,40,55,4000000
280,1,18,5,C,82,39,2220,827,308,579,205,248,1474440
281,1,18,21,PF,38,38,556,122,54,115,14,21,8500000
282,1,18,1,PG,37,0,573,156,56,156,28,39,1282080
283,1,18,8,SG,82,33,2294,1150,433,959,161,203,2148360
284,1,27,23,SG,16,1,261,99,30,85,28,30,317475
284,1,18,23,SG,39,12,834,415,126,334,125,142,7085000
285,1,27,24,PG,13,4,181,56,23,48,9,13,396844
285,1,18,24,PG,26,0,280,88,36,58,15,19,1499187
286,1,18,15,SF,82,0,1682,863,317,681,185,242,2056920
287,1,18,33,PF,52,2,486,132,53,145,17,26,1938840
288,1,18,14,C,12,3,156,54,19,50,16,20,12100000
289,1,18,12,SF,77,44,1462,221,102,229,13,19,1499187
290,1,18,9,PG,76,76,2323,766,219,586,266,314,12365000
291,1,18,10,SF,33,0,277,75,25,62,8,8,1149500
292,1,18,4,PF,18,0,192,43,18,32,7,17,247623
293,1,18,32,C,82,82,2647,1503,625,1153,223,275,5703600
294,1,18,22,SF,81,81,2845,1675,594,1294,430,565,5758680
295,1,19,42,C,59,17,861,352,150,315,52,62,4300000
296,1,19,33,PF,66,7,2008,1124,397,929,199,228,8500000
297,1,19,3,C,68,64,1178,269,104,195,61,112,11000000
298,1,19,8,SF,47,13,845,327,122,289,39,50,1100000
299,1,19,30,PG,45,23,1198,477,196,484,52,65,3036927
300,1,19,44,SF,80,46,1971,484,186,412,57,82,3000000
301,1,19,23,PF,61,61,2164,1481,560,1136,326,430,7070730
302,1,19,31,SG,14,11,279,79,28,69,11,21,281659
303,1,19,16,PG,61,18,1262,531,183,445,84,99,1164858
304,1,19,1,SG,25,2,765,379,136,314,74,93,11227000
305,1,25,10,PG,35,1,272,51,20,60,8,15,845059
305,1,19,2,PG,16,1,469,210,76,169,45,59,144157
306,1,20,32,SG,2,0,5,7,1,1,4,5,59731
306,1,19,32,SG,4,0,13,2,1,4,0,0,54812
307,1,19,15,SF,73,38,1632,325,132,255,44,66,1375000
308,1,19,10,SG,45,44,1481,686,231,552,111,125,15514031
309,1,19,25,SF,11,4,304,125,49,116,14,21,119462
310,1,19,11,PG,65,23,1831,1089,410,935,182,216,10595507
311,1,24,0,SG,2,0,47,16,5,17,5,6,55722
311,1,19,0,SG,5,1,54,10,4,17,6,8,55722
312,1,19,5,C,37,5,542,91,40,75,11,25,1499200
313,1,19,2,PG,2,1,23,0,0,1,0,0,44000
314,1,23,1,PG,50,50,1622,733,299,739,89,133,1100602
314,1,19,4,PG,27,3,617,239,98,228,33,43,981084
315,1,20,4,SG,71,57,2371,909,354,799,110,331,8000000
316,1,20,17,PF,29,0,4,52,19,53,14,27,1650000
317,1,20,43,SF,2,0,6,6,3,4,0,0,105888
318,1,20,3,PG,72,72,2024,544,209,455,42,48,7402812
319,1,20,11,SF,17,2,154,31,12,40,3,4,845059
320,1,20,2,PG,82,7,2033,625,231,588,86,114,845059
321,1,20,13,PG,76,6,1265,426,154,391,96,123,1572360
322,1,20,8,C,82,82,2219,842,357,662,128,161,13000000
323,1,20,9,PF,65,1,764,309,129,271,46,60,3750000
324,1,20,6,PF,72,72,2047,1028,373,886,201,240,4131720
325,1,20,1,C,48,0,526,187,84,205,19,23,2800000
326,1,20,42,PF,59,5,1313,484,169,382,102,119,1650000
327,1,20,18,SG,61,25,908,296,106,277,32,39,1356146
328,1,20,23,SF,80,9,1435,746,194,256,194,256,4900000
329,1,21,12,C,80,80,2014,636,261,426,114,196,2279040
330,1,21,4,PF,59,4,699,123,50,109,23,33,3750000
331,1,21,35,SF,72,72,2578,2029,698,1381,447,498,20158622
332,1,21,34,PF,5,0,55,14,5,12,0,4,1140240
333,1,21,9,PF,78,78,2500,983,416,869,91,121,13500000
334,1,21,11,C,82,1,1721,1038,414,719,249,415,16400000
335,1,21,33,PF,20,0,72,26,11,23,4,10,1464040
336,1,21,13,C,5,0,19,8,3,5,2,2,352750
337,1,21,2,SG,68,6,926,380,136,333,29,39,3344000
338,1,21,22,PG,57,1,698,283,114,278,19,24,2021520
339,1,21,21,SG,70,70,1553,337,136,274,33,54,1210800
340,1,21,5,SF,68,2,977,231,86,221,29,44,5000000
341,1,21,3,SG,78,15,2152,762,282,706,112,157,5138430
342,1,21,0,PG,80,80,2750,1878,656,1444,465,573,16744218
343,1,22,15,PG,5,0,27,6,2,8,2,2,161776
344,1,22,3,C,58,20,705,255,99,177,57,76,947278
345,1,22,10,SF,79,71,2566,1213,429,929,199,238,2288205
346,1,22,0,PF,78,37,1863,719,274,579,129,193,4171680
347,1,22,23,SF,79,9,1413,478,181,418,49,54,3741480
348,1,22,11,SG,28,0,249,60,21,71,10,24,845059
349,1,22,13,PG,55,0,600,203,68,201,33,45,1294440
350,1,22,44,PF,56,0,823,384,146,310,51,65,2380594
351,1,22,5,SG,72,52,2379,1153,425,970,205,247,5192520
352,1,22,4,PG,73,69,2145,778,318,730,112,190,2505720
353,1,22,14,C,76,2,1181,546,244,503,54,67,4300000
354,1,22,9,C,65,60,2037,1181,533,1046,113,150,11250000
355,1,22,32,PG,33,2,656,142,47,137,34,39,5000000
356,1,23,42,C,17,1,225,70,31,72,8,9,890693
357,1,23,0,SG,77,39,1966,846,260,722,150,180,947276
358,1,23,33,SF,67,49,1903,858,274,712,140,177,1000000
359,1,23,39,SF,72,52,2066,749,251,599,212,322,845059
360,1,23,22,PF,51,1,702,287,114,222,51,74,1050000
361,1,23,7,PF,36,12,569,351,139,250,67,91,6500000
362,1,23,5,PG,30,6,400,111,43,118,9,13,2144722
363,1,23,12,PG,81,17,1606,493,218,464,26,41,525093
364,1,23,4,C,67,62,1965,747,206,587,134,227,3457800
365,1,23,8,C,53,48,1591,928,397,781,133,194,4582680
366,1,24,25,PG,9,0,113,22,9,23,4,7,111444
366,1,23,26,PG,14,0,170,55,21,55,9,18,172739
367,1,23,11,SG,73,35,1809,617,210,545,91,118,2869440
368,1,23,31,SG,77,17,2154,758,270,680,69,96,947276
369,1,24,10,SG,36,0,421,90,35,89,7,13,854389
369,1,23,9,SF,7,0,78,17,7,21,1,2,2800000
370,1,23,35,PF,17,0,145,61,22,53,13,21,305789
371,1,23,1,PG,8,3,144,67,22,65,20,37,2179354
372,1,24,2,PG,31,31,1059,632,223,492,138,172,13086957
373,1,24,1,SG,76,51,2108,1048,215,256,215,256,2127840
374,1,24,41,PG,8,0,61,20,8,25,3,4,111444
375,1,24,4,C,66,60,1618,472,183,314,106,171,13000000
376,1,24,20,PG,57,13,1114,505,176,422,130,196,1160160
377,1,24,55,PF,8,0,50,22,9,22,4,6,421449
378,1,24,3,SG,52,50,1870,1018,371,895,156,183,12000000
379,1,24,21,C,78,46,1821,703,264,624,174,239,3807120
380,1,24,30,PF,67,27,1255,567,224,466,77,101,1035000
381,1,30,5,PF,27,21,712,335,134,287,42,55,8000000
381,1,24,11,PF,37,24,917,430,171,431,66,92,2989239
382,1,24,14,PG,62,18,1211,331,116,302,31,41,1499187
383,1,24,35,PF,79,1,1686,965,332,777,120,155,5500000
384,1,24,17,SF,82,80,2540,652,239,582,106,142,5500000
385,1,24,12,SF,47,4,1070,515,221,441,45,64,2041080
386,1,24,15,PF,10,0,68,29,10,24,9,14,114285
387,1,25,34,PF,8,0,36,10,5,10,0,0,525093
388,1,25,8,SF,82,82,2341,839,299,719,115,156,7500000
389,1,25,5,SG,34,0,143,36,13,49,5,5,525093
390,1,25,23,SG,81,8,2105,832,311,678,98,113,947276
391,1,25,17,PF,81,0,1684,526,206,337,114,204,7000000
392,1,25,4,SF,78,14,1457,498,195,411,69,111,2894059
393,1,25,9,SG,72,0,1431,624,232,529,112,146,6000000
394,1,25,35,C,16,2,112,44,20,43,3,3,5000000
395,1,25,11,PF,61,10,1333,511,195,435,35,46,3075880
396,1,25,0,PG,75,75,2676,1879,618,1474,414,464,4236287
397,1,25,3,SG,80,80,2780,1666,641,1431,187,226,2525160
398,1,25,44,SG,12,0,42,14,5,19,3,4,525093
399,1,25,24,C,82,82,2084,749,267,517,215,335,1415520
400,1,25,21,PF,78,56,1174,283,117,278,38,51,2637720
401,1,26,13,PF,59,29,876,307,119,214,50,68,981348
402,1,26,5,SG,51,15,721,179,67,178,22,29,1015421
403,1,26,3,SG,68,7,1672,696,245,635,115,138,6333333
404,1,26,31,SF,17,1,176,63,25,59,10,12,1499187
405,1,26,18,SF,69,21,1880,813,299,622,103,159,3000000
406,1,26,0,C,66,39,1412,463,191,339,81,125,3398280
407,1,26,7,PG,74,15,2219,1035,277,776,194,226,5013559
408,1,26,15,C,65,65,2246,1748,601,1332,476,663,14728844
409,1,26,30,PG,44,9,692,299,102,224,45,54,947276
410,1,26,26,SF,1,0,24,6,2,10,0,0,525093
411,1,26,8,SF,70,70,2379,1204,466,1007,198,254,12403101
412,1,26,41,C,78,14,1482,529,236,444,57,104,7500000
413,1,26,23,SG,68,53,1443,531,195,455,74,103,3156600
414,1,26,25,PF,8,0,48,8,3,6,2,4,845059
415,1,26,9,PG,72,72,2537,859,355,782,87,150,9500000
416,1,27,12,PF,74,74,2261,1331,536,1045,259,302,19500000
417,1,27,1,SF,78,11,1245,350,138,295,62,83,1142879
418,1,27,15,C,30,2,206,76,29,57,3,4,1499187
419,1,27,18,SF,46,0,432,124,49,104,11,16,1499187
420,1,27,33,PF,76,4,1386,485,202,383,56,76,7000000
421,1,27,21,C,77,77,2227,1070,419,819,230,311,5000000
422,1,27,20,SG,58,0,1134,555,197,435,91,112,2814000
423,1,27,14,SG,79,79,2062,572,211,561,34,46,10000000
424,1,27,2,SF,72,72,2380,1523,551,1090,292,334,16500000
425,1,27,40,C,54,4,508,297,105,174,87,114,1200000
426,1,27,8,PG,81,3,1662,690,260,612,47,58,3578947
427,1,27,9,PG,72,72,1980,857,350,710,130,171,13437500
428,1,27,17,SG,55,2,813,331,122,242,69,92,525093
429,1,27,30,PF,78,19,1404,554,244,448,63,80,1499000
430,1,28,15,PF,19,0,84,28,8,27,9,10,947276
431,1,28,8,C,82,22,1808,454,156,288,142,226,3000000
432,1,28,20,SF,6,1,43,3,1,12,0,0,1524000
433,1,28,5,SF,26,22,786,286,105,270,30,50,13500000
434,1,28,3,PF,57,32,926,287,114,240,39,68,2500000
435,1,28,6,SG,80,4,2046,677,257,585,133,174,7000000
436,1,28,7,PG,77,77,2851,1634,512,1198,398,491,12000000
437,1,28,92,C,29,1,225,65,28,44,8,15,1842000
438,1,28,54,PF,79,0,2020,543,204,493,29,34,6268675
439,1,28,24,SG,49,24,725,273,97,229,43,53,650000
440,1,28,31,SF,73,7,1747,720,270,626,49,62,3553917
441,1,28,4,PF,76,76,1636,664,269,598,61,84,3000000
442,1,28,17,C,60,59,1557,768,303,536,162,213,4660482
443,1,28,55,PG,27,1,229,103,46,80,26,35,1509360
444,1,29,33,PF,79,2,1632,463,190,388,71,106,4775000
445,1,29,3,PG,64,0,1366,679,262,634,67,82,2658240
446,1,29,10,SG,31,3,797,412,137,334,106,141,9213484
447,1,29,15,PF,62,59,1983,1016,428,822,180,254,11933333
448,1,29,27,C,61,60,1932,557,198,354,161,283,1175880
449,1,29,20,SF,80,80,2893,1578,521,1202,393,477,15409570
450,1,29,5,SG,79,79,251,1149,408,972,172,200,1348440
451,1,29,2,SF,81,2,1241,342,124,291,13,18,2250000
452,1,29,23,SF,70,2,857,205,72,194,34,42,981348
453,1,29,41,PF,80,33,1382,488,191,436,57,82,2239800
454,1,29,13,SG,20,0,173,36,11,39,13,18,362878
455,1,29,25,PG,81,53,1499,476,180,418,52,70,1000000
456,1,29,22,SF,2,0,6,0,0,1,0,0,105888
457,1,29,21,C,12,0,82,24,11,25,2,2,3000000
458,1,29,24,C,51,10,658,217,87,162,43,59,947276
459,1,30,6,SG,13,0,192,65,21,59,11,15,4000000
460,1,30,3,SG,55,35,1708,958,359,799,135,179,5694674
461,1,30,45,C,29,0,218,61,28,68,5,13,2000000
462,1,30,1,PF,81,41,2098,638,233,387,72,98,4250000
463,1,30,8,SF,26,0,147,63,20,65,8,8,561716
464,1,30,90,PF,30,0,305,82,33,103,9,14,3300000
465,1,30,13,C,75,74,2256,1012,433,764,146,207,11217391
466,1,30,42,PF,57,11,1094,525,209,284,107,185,13000000
467,1,30,14,SG,40,2,807,390,151,325,47,55,2100000
468,1,30,12,SF,63,9,671,236,90,211,31,49,1920240
469,1,30,22,SF,75,73,2276,871,39,717,95,126,4662960
470,1,30,7,PG,82,5,1667,810,280,592,214,283,2170465
471,1,30,17,SF,80,43,1951,582,201,505,91,125,1100602
472,1,30,2,PG,77,77,2784,1531,579,1349,272,344,15851950